run,P,R,mAP50,mAP50-95,mAP50[mask_weared_incorrect],mAP50[with_mask],mAP50[without_mask],mAP50-95[mask_weared_incorrect],mAP50-95[with_mask],mAP50-95[without_mask]
baseline_n,0.9008960826010934,0.7168759962322567,0.7836610806419492,0.5457095381163433,0.5157935829970415,0.9749314075690563,0.8602582513597495,0.3665937788826605,0.7027881221122876,0.5677467133540817
improved_n_strategy,0.8101617642611177,0.7781224369761675,0.8267431463030235,0.5598658804109901,0.6815459183673469,0.9721691728759588,0.8265143476657646,0.4825111067503925,0.6733569455388615,0.5237295889437161
exp_6A_long_ep120_pat40,0.9072353149110196,0.797904736613653,0.857523736957,0.5841735218781453,0.7615934065934066,0.9732880822130724,0.8376897220645212,0.5442054945054946,0.672768175379836,0.535546895749105
exp_6B_imgsz704,0.8542507447938337,0.726153104413574,0.8058496739995227,0.5373371269551104,0.5786703849373499,0.9741614122124163,0.864717224848802,0.39236027626436926,0.6724282365504545,0.5472228680505076
exp_6C_imgsz768,0.8186779364186089,0.7558304564633679,0.7894576368987902,0.5322542182591791,0.5651569741219571,0.9710421401335841,0.8321737964408297,0.3860971836513769,0.6729292459149558,0.5377362252112047
exp_6D_optimizer_sgd,0.8170095686424511,0.7915699387416902,0.8319569197880708,0.5687133091431382,0.666433149567213,0.9754850736448283,0.8539525361521711,0.4568068596836724,0.6955787820957762,0.5537542856499662
exp_6E_optimizer_adamw_matched,0.8101617642611177,0.7781224369761675,0.8267431463030235,0.5598658804109901,0.6815459183673469,0.9721691728759588,0.8265143476657646,0.4825111067503925,0.6733569455388615,0.5237295889437161
exp_6F_oversample_rare_3x,0.8164850845274997,0.8124285648335502,0.7962198283164277,0.5411944774196843,0.5859646017699116,0.965529719096967,0.8371651640824043,0.40325929203539823,0.6795662246311042,0.5407579155925503
improved_s_strategy,0.9034336371056141,0.7781453778289221,0.8146128404553713,0.5501598262772737,0.5977656293425563,0.9767592902183666,0.869313601805191,0.42684795097515893,0.6726199897509686,0.5510115381056936
